{
  "module": "forecast",
  "scenarioId": "demo-live",
  "metricBasis": "timeline-aligned totalFlow derived from committed STGCN, LSTM, and BiLSTM runtime outputs",
  "generatedAt": "2026-03-26T12:34:03+00:00",
  "models": {
    "STGCN": {
      "status": "available",
      "horizons": {
        "1h": {
          "sampleCount": 565,
          "mae": 36.835611,
          "rmse": 47.384377,
          "r2": 0.942885
        },
        "2h": {
          "sampleCount": 553,
          "mae": 61.44519,
          "rmse": 77.744297,
          "r2": 0.84856
        },
        "3h": {
          "sampleCount": 541,
          "mae": 70.876377,
          "rmse": 91.948055,
          "r2": 0.788904
        }
      }
    },
    "LSTM": {
      "status": "available",
      "horizons": {
        "1h": {
          "sampleCount": 565,
          "mae": 32.929398,
          "rmse": 40.834605,
          "r2": 0.957584
        },
        "2h": {
          "sampleCount": 553,
          "mae": 54.408047,
          "rmse": 69.353373,
          "r2": 0.879485
        },
        "3h": {
          "sampleCount": 541,
          "mae": 68.376451,
          "rmse": 83.699619,
          "r2": 0.825079
        }
      }
    },
    "BiLSTM": {
      "status": "available",
      "horizons": {
        "1h": {
          "sampleCount": 565,
          "mae": 29.696124,
          "rmse": 36.448966,
          "r2": 0.966205
        },
        "2h": {
          "sampleCount": 553,
          "mae": 49.622206,
          "rmse": 60.311959,
          "r2": 0.90886
        },
        "3h": {
          "sampleCount": 541,
          "mae": 67.702606,
          "rmse": 83.148137,
          "r2": 0.827376
        }
      }
    }
  },
  "deferredModels": []
}